<?xml version="1.0" encoding="UTF-8"?>
<project-private xmlns="http://www.netbeans.org/ns/project-private/1">
    <editor-bookmarks xmlns="http://www.netbeans.org/ns/editor-bookmarks/2" lastBookmarkId="0"/>
    <open-files xmlns="http://www.netbeans.org/ns/projectui-open-files/2">
        <group>
            <file>file:/C:/Users/lucas/Desktop/Trabalho-3/src/Controller/Helper/Helper.java</file>
            <file>file:/C:/Users/lucas/Desktop/Trabalho-3/src/Model/DAO/AgendamentoDAO.java</file>
            <file>file:/C:/Users/lucas/Desktop/Trabalho-3/src/Model/DAO/Banco.java</file>
            <file>file:/C:/Users/lucas/Desktop/Trabalho-3/src/Model/ModeloTabela.java</file>
            <file>file:/C:/Users/lucas/Desktop/Trabalho-3/src/View/Agenda.java</file>
            <file>file:/C:/Users/lucas/Desktop/Trabalho-3/src/Model/Servico.java</file>
            <file>file:/C:/Users/lucas/Desktop/Trabalho-3/src/Model/Agendamento.java</file>
            <file>file:/C:/Users/lucas/Desktop/Trabalho-3/src/Controller/LoginController.java</file>
            <file>file:/C:/Users/lucas/Desktop/Trabalho-3/src/Model/DAO/ClienteDAO.java</file>
            <file>file:/C:/Users/lucas/Desktop/Trabalho-3/src/Model/Usuario.java</file>
            <file>file:/C:/Users/lucas/Desktop/Trabalho-3/src/Controller/Helper/LoginHelper.java</file>
            <file>file:/C:/Users/lucas/Desktop/Trabalho-3/src/Model/Pessoa.java</file>
            <file>file:/C:/Users/lucas/Desktop/Trabalho-3/src/View/MenuPrincipal.java</file>
            <file>file:/C:/Users/lucas/Desktop/Trabalho-3/src/Controller/MenuPrincipalController.java</file>
            <file>file:/C:/Users/lucas/Desktop/Trabalho-3/src/Controller/AgendaController.java</file>
            <file>file:/C:/Users/lucas/Desktop/Trabalho-3/src/View/Login.java</file>
            <file>file:/C:/Users/lucas/Desktop/Trabalho-3/src/View/Cadastro.java</file>
            <file>file:/C:/Users/lucas/Desktop/Trabalho-3/src/Model/DAO/ServicoDAO.java</file>
            <file>file:/C:/Users/lucas/Desktop/Trabalho-3/src/Model/DAO/UsuarioDAO.java</file>
            <file>file:/C:/Users/lucas/Desktop/Trabalho-3/src/Controller/Helper/AgendaHelper.java</file>
            <file>file:/C:/Users/lucas/Desktop/Trabalho-3/src/Model/Cliente.java</file>
        </group>
    </open-files>
</project-private>
